{
  "runtime": "Net80",
  "defaultVariables": null,
  "documentGenerator": {
    "fromDocument": {
        "url": "../YPYuldashevOgaySP/swagger.json",
        "output": null,
        "newLineBehavior": "Auto"
    }
  },
  "codeGenerators": {
    "openApiToCSharpClient": {
        "generateClientInterfaces": false,
        "injectHttpClient": true,
        "disposeHttpClient": true,
        "generateExceptionClasses": true,
        "exceptionClass": "ApiException",
        "wrapDtoExceptions": true,
        "useHttpClientCreationMethod": false,
        "httpClientType": "System.Net.Http.HttpClient",
        "useHttpRequestMessageCreationMethod": false,
        "useBaseUrl": true,
        "generateBaseUrlProperty": true,
        "generateSyncMethods": false,
        "generatePrepareRequestAndProcessResponseAsAsyncMethods": false,
        "exposeJsonSerializerSettings": false,
        "clientClassAccessModifier": "public",
        "typeAccessModifier": "public",
        "generateContractsOutput": false,
        "parameterDateTimeFormat": "s",
        "parameterDateFormat": "yyyy-MM-dd",
        "generateUpdateJsonSerializerSettingsMethod": true,
        "useRequestAndResponseSerializationSettings": false,
        "serializeTypeInformation": false,
        "queryNullValue": "",
        "className": "{controller}HttpClient",
        "operationGenerationMode": "MultipleClientsFromOperationId",
        "generateOptionalParameters": false,
        "generateJsonMethods": false,
        "enforceFlagEnums": false,
        "parameterArrayType": "System.Collections.Generic.IEnumerable",
        "parameterDictionaryType": "System.Collections.Generic.IDictionary",
        "responseArrayType": "System.Collections.Generic.ICollection",
        "responseDictionaryType": "System.Collections.Generic.IDictionary",
        "wrapResponses": false,
        "generateResponseClasses": true,
        "responseClass": "SwaggerResponse",
        "namespace": "YuldashevOgayYPApiHttpClient",
        "requiredPropertiesMustBeDefined": true,
        "dateType": "System.DateTimeOffset",
        "anyType": "object",
        "dateTimeType": "System.DateTimeOffset",
        "timeType": "System.TimeSpan",
        "timeSpanType": "System.TimeSpan",
        "arrayType": "System.Collections.Generic.ICollection",
        "arrayInstanceType": "System.Collections.ObjectModel.Collection",
        "dictionaryType": "System.Collections.Generic.IDictionary",
        "dictionaryInstanceType": "System.Collections.Generic.Dictionary",
        "arrayBaseType": "System.Collections.ObjectModel.Collection",
        "dictionaryBaseType": "System.Collections.Generic.Dictionary",
        "classStyle": "Poco",
        "jsonLibrary": "NewtonsoftJson",
        "generateDefaultValues": true,
        "generateDataAnnotations": true,
        "handleReferences": false,
        "generateImmutableArrayProperties": false,
        "generateImmutableDictionaryProperties": false,
        "inlineNamedArrays": false,
        "inlineNamedDictionaries": false,
        "inlineNamedTuples": true,
        "inlineNamedAny": false,
        "generateDtoTypes": true,
        "generateOptionalPropertiesAsNullable": false,
        "generateNullableReferenceTypes": false,
        "output": "YuldashevOgayYPApiHttpClient.cs",
        "newLineBehavior": "Auto"
    }
  }
}