{
  "x-generator": "NSwag v14.0.7.0 (NJsonSchema v11.0.0.0 (Newtonsoft.Json v13.0.0.0))",
  "openapi": "3.0.0",
  "info": {
    "title": "My Title",
    "version": "1.0.0"
  },
  "paths": {
    "/API/Clients": {
      "get": {
        "tags": [
          "Clients"
        ],
        "summary": "Все записи",
        "operationId": "Clients_GetAll",
        "responses": {
          "200": {
            "description": "",
            "content": {
              "application/json": {
                "schema": {
                  "type": "array",
                  "items": {
                    "$ref": "#/components/schemas/Client"
                  }
                }
              }
            }
          }
        }
      },
      "post": {
        "tags": [
          "Clients"
        ],
        "summary": "Добавление данных",
        "operationId": "Clients_Create",
        "requestBody": {
          "x-name": "clients",
          "content": {
            "application/json": {
              "schema": {
                "$ref": "#/components/schemas/Client"
              }
            }
          },
          "required": true,
          "x-position": 1
        },
        "responses": {
          "200": {
            "description": ""
          }
        }
      },
      "put": {
        "tags": [
          "Clients"
        ],
        "summary": "Обновление данных",
        "operationId": "Clients_Update",
        "requestBody": {
          "x-name": "client",
          "content": {
            "application/json": {
              "schema": {
                "$ref": "#/components/schemas/Client"
              }
            }
          },
          "required": true,
          "x-position": 1
        },
        "responses": {
          "200": {
            "description": ""
          }
        }
      }
    },
    "/API/Clients/{id}": {
      "delete": {
        "tags": [
          "Clients"
        ],
        "summary": "Удаление клиентов",
        "operationId": "Clients_Delete",
        "parameters": [
          {
            "name": "id",
            "in": "path",
            "required": true,
            "schema": {
              "type": "integer",
              "format": "int32"
            },
            "x-position": 1
          }
        ],
        "responses": {
          "200": {
            "description": ""
          }
        }
      },
      "get": {
        "tags": [
          "Clients"
        ],
        "summary": "Поиск по id",
        "operationId": "Clients_Get",
        "parameters": [
          {
            "name": "id",
            "in": "path",
            "required": true,
            "schema": {
              "type": "integer",
              "format": "int32"
            },
            "x-position": 1
          }
        ],
        "responses": {
          "200": {
            "description": "",
            "content": {
              "application/json": {
                "schema": {
                  "$ref": "#/components/schemas/Client"
                }
              }
            }
          }
        }
      }
    },
    "/API/Clients/ByFullname/{Fullname}": {
      "get": {
        "tags": [
          "Clients"
        ],
        "summary": "Поиск по наименованию",
        "operationId": "Clients_GetByFullname",
        "parameters": [
          {
            "name": "Fullname",
            "in": "path",
            "required": true,
            "schema": {
              "type": "string"
            },
            "x-position": 1
          }
        ],
        "responses": {
          "200": {
            "description": "",
            "content": {
              "application/json": {
                "schema": {
                  "type": "array",
                  "items": {
                    "$ref": "#/components/schemas/Client"
                  }
                }
              }
            }
          }
        }
      }
    },
    "/API/Fuels": {
      "get": {
        "tags": [
          "Fuels"
        ],
        "summary": "Все записи",
        "operationId": "Fuels_GetAll",
        "responses": {
          "200": {
            "description": "",
            "content": {
              "application/json": {
                "schema": {
                  "type": "array",
                  "items": {
                    "$ref": "#/components/schemas/Fuel"
                  }
                }
              }
            }
          }
        }
      },
      "post": {
        "tags": [
          "Fuels"
        ],
        "summary": "Добавление данных",
        "operationId": "Fuels_Create",
        "requestBody": {
          "x-name": "fuels",
          "content": {
            "application/json": {
              "schema": {
                "$ref": "#/components/schemas/Fuel"
              }
            }
          },
          "required": true,
          "x-position": 1
        },
        "responses": {
          "200": {
            "description": ""
          }
        }
      },
      "put": {
        "tags": [
          "Fuels"
        ],
        "summary": "Обновление данных",
        "operationId": "Fuels_Update",
        "requestBody": {
          "x-name": "fuel",
          "content": {
            "application/json": {
              "schema": {
                "$ref": "#/components/schemas/Fuel"
              }
            }
          },
          "required": true,
          "x-position": 1
        },
        "responses": {
          "200": {
            "description": ""
          }
        }
      }
    },
    "/API/Fuels/{id}": {
      "delete": {
        "tags": [
          "Fuels"
        ],
        "summary": "Удаление",
        "operationId": "Fuels_Delete",
        "parameters": [
          {
            "name": "id",
            "in": "path",
            "required": true,
            "schema": {
              "type": "integer",
              "format": "int32"
            },
            "x-position": 1
          }
        ],
        "responses": {
          "200": {
            "description": ""
          }
        }
      },
      "get": {
        "tags": [
          "Fuels"
        ],
        "summary": "Поиск по id",
        "operationId": "Fuels_Get",
        "parameters": [
          {
            "name": "id",
            "in": "path",
            "required": true,
            "schema": {
              "type": "integer",
              "format": "int32"
            },
            "x-position": 1
          }
        ],
        "responses": {
          "200": {
            "description": "",
            "content": {
              "application/json": {
                "schema": {
                  "$ref": "#/components/schemas/Fuel"
                }
              }
            }
          }
        }
      }
    },
    "/API/Fuels/ByFullname/{Fullname}": {
      "get": {
        "tags": [
          "Fuels"
        ],
        "summary": "Поиск по наименованию",
        "operationId": "Fuels_GetByFullname",
        "parameters": [
          {
            "name": "Fullname",
            "in": "path",
            "required": true,
            "schema": {
              "type": "string"
            },
            "x-position": 1
          }
        ],
        "responses": {
          "200": {
            "description": "",
            "content": {
              "application/json": {
                "schema": {
                  "type": "array",
                  "items": {
                    "$ref": "#/components/schemas/Fuel"
                  }
                }
              }
            }
          }
        }
      }
    },
    "/API/Sales": {
      "get": {
        "tags": [
          "Sales"
        ],
        "summary": "Все записи",
        "operationId": "Sales_GetAll",
        "responses": {
          "200": {
            "description": "",
            "content": {
              "application/json": {
                "schema": {
                  "type": "array",
                  "items": {
                    "$ref": "#/components/schemas/Sale"
                  }
                }
              }
            }
          }
        }
      },
      "post": {
        "tags": [
          "Sales"
        ],
        "summary": "Добавление данных",
        "operationId": "Sales_Create",
        "requestBody": {
          "x-name": "sales",
          "content": {
            "application/json": {
              "schema": {
                "$ref": "#/components/schemas/Sale"
              }
            }
          },
          "required": true,
          "x-position": 1
        },
        "responses": {
          "200": {
            "description": ""
          }
        }
      },
      "put": {
        "tags": [
          "Sales"
        ],
        "summary": "Обновление данных",
        "operationId": "Sales_Update",
        "requestBody": {
          "x-name": "sale",
          "content": {
            "application/json": {
              "schema": {
                "$ref": "#/components/schemas/Sale"
              }
            }
          },
          "required": true,
          "x-position": 1
        },
        "responses": {
          "200": {
            "description": ""
          }
        }
      }
    },
    "/API/Sales/{id}": {
      "delete": {
        "tags": [
          "Sales"
        ],
        "summary": "Удаление",
        "operationId": "Sales_Delete",
        "parameters": [
          {
            "name": "id",
            "in": "path",
            "required": true,
            "schema": {
              "type": "integer",
              "format": "int32"
            },
            "x-position": 1
          }
        ],
        "responses": {
          "200": {
            "description": ""
          }
        }
      },
      "get": {
        "tags": [
          "Sales"
        ],
        "summary": "Поиск по id",
        "operationId": "Sales_Get",
        "parameters": [
          {
            "name": "id",
            "in": "path",
            "required": true,
            "schema": {
              "type": "integer",
              "format": "int32"
            },
            "x-position": 1
          }
        ],
        "responses": {
          "200": {
            "description": "",
            "content": {
              "application/json": {
                "schema": {
                  "$ref": "#/components/schemas/Sale"
                }
              }
            }
          }
        }
      }
    },
    "/API/Sales/ByVolume/{Volume}": {
      "get": {
        "tags": [
          "Sales"
        ],
        "summary": "Поиск по наименованию",
        "operationId": "Sales_GetByFullname",
        "parameters": [
          {
            "name": "Volume",
            "in": "path",
            "required": true,
            "schema": {
              "type": "string"
            },
            "x-position": 1
          }
        ],
        "responses": {
          "200": {
            "description": "",
            "content": {
              "application/json": {
                "schema": {
                  "type": "array",
                  "items": {
                    "$ref": "#/components/schemas/Sale"
                  }
                }
              }
            }
          }
        }
      }
    },
    "/API/Sales/ByDate/{date}": {
      "get": {
        "tags": [
          "Sales"
        ],
        "summary": "Поиск по дате",
        "operationId": "Sales_GetAll2",
        "parameters": [
          {
            "name": "date",
            "in": "path",
            "required": true,
            "schema": {
              "type": "string",
              "format": "date-time"
            },
            "x-position": 1
          }
        ],
        "responses": {
          "200": {
            "description": "",
            "content": {
              "application/json": {
                "schema": {
                  "type": "array",
                  "items": {
                    "$ref": "#/components/schemas/Sale"
                  }
                }
              }
            }
          }
        }
      }
    },
    "/API/Suppliers": {
      "get": {
        "tags": [
          "Suppliers"
        ],
        "summary": "Все записи",
        "operationId": "Suppliers_GetAll",
        "responses": {
          "200": {
            "description": "",
            "content": {
              "application/json": {
                "schema": {
                  "type": "array",
                  "items": {
                    "$ref": "#/components/schemas/Supplier"
                  }
                }
              }
            }
          }
        }
      },
      "post": {
        "tags": [
          "Suppliers"
        ],
        "summary": "Добавление данных",
        "operationId": "Suppliers_Create",
        "requestBody": {
          "x-name": "suppliers",
          "content": {
            "application/json": {
              "schema": {
                "$ref": "#/components/schemas/Supplier"
              }
            }
          },
          "required": true,
          "x-position": 1
        },
        "responses": {
          "200": {
            "description": ""
          }
        }
      },
      "put": {
        "tags": [
          "Suppliers"
        ],
        "summary": "Обновление данных",
        "operationId": "Suppliers_Update",
        "requestBody": {
          "x-name": "supplier",
          "content": {
            "application/json": {
              "schema": {
                "$ref": "#/components/schemas/Supplier"
              }
            }
          },
          "required": true,
          "x-position": 1
        },
        "responses": {
          "200": {
            "description": ""
          }
        }
      }
    },
    "/API/Suppliers/{id}": {
      "delete": {
        "tags": [
          "Suppliers"
        ],
        "summary": "Удаление",
        "operationId": "Suppliers_Delete",
        "parameters": [
          {
            "name": "id",
            "in": "path",
            "required": true,
            "schema": {
              "type": "integer",
              "format": "int32"
            },
            "x-position": 1
          }
        ],
        "responses": {
          "200": {
            "description": ""
          }
        }
      },
      "get": {
        "tags": [
          "Suppliers"
        ],
        "summary": "Поиск по id",
        "operationId": "Suppliers_Get",
        "parameters": [
          {
            "name": "id",
            "in": "path",
            "required": true,
            "schema": {
              "type": "integer",
              "format": "int32"
            },
            "x-position": 1
          }
        ],
        "responses": {
          "200": {
            "description": "",
            "content": {
              "application/json": {
                "schema": {
                  "$ref": "#/components/schemas/Supplier"
                }
              }
            }
          }
        }
      }
    },
    "/API/Suppliers/ByFullname/{Fullname}": {
      "get": {
        "tags": [
          "Suppliers"
        ],
        "summary": "Поиск по наименованию",
        "operationId": "Suppliers_GetByFullname",
        "parameters": [
          {
            "name": "Fullname",
            "in": "path",
            "required": true,
            "schema": {
              "type": "string"
            },
            "x-position": 1
          }
        ],
        "responses": {
          "200": {
            "description": "",
            "content": {
              "application/json": {
                "schema": {
                  "type": "array",
                  "items": {
                    "$ref": "#/components/schemas/Supplier"
                  }
                }
              }
            }
          }
        }
      }
    }
  },
  "components": {
    "schemas": {
      "Client": {
        "type": "object",
        "additionalProperties": false,
        "properties": {
          "clientId": {
            "type": "integer",
            "format": "int32"
          },
          "fullname": {
            "type": "string"
          },
          "phone": {
            "type": "string"
          }
        }
      },
      "Fuel": {
        "type": "object",
        "additionalProperties": false,
        "properties": {
          "fuelId": {
            "type": "integer",
            "format": "int32"
          },
          "fullname": {
            "type": "string"
          },
          "typeOfFuel": {
            "type": "string"
          },
          "price": {
            "type": "string"
          },
          "supplierId": {
            "type": "integer",
            "format": "int32"
          }
        }
      },
      "Sale": {
        "type": "object",
        "additionalProperties": false,
        "properties": {
          "saleId": {
            "type": "integer",
            "format": "int32"
          },
          "volume": {
            "type": "string"
          },
          "amount": {
            "type": "string"
          },
          "dateOfSale": {
            "type": "string",
            "format": "date-time"
          },
          "checkNumber": {
            "type": "string"
          },
          "clientId": {
            "type": "integer",
            "format": "int32"
          },
          "fuelId": {
            "type": "integer",
            "format": "int32"
          }
        }
      },
      "Supplier": {
        "type": "object",
        "additionalProperties": false,
        "properties": {
          "supplierId": {
            "type": "integer",
            "format": "int32"
          },
          "fullname": {
            "type": "string"
          },
          "phone": {
            "type": "string"
          },
          "legalAddress": {
            "type": "string"
          }
        }
      }
    }
  }
}