{
  "x-generator": "NSwag v14.0.7.0 (NJsonSchema v11.0.0.0 (Newtonsoft.Json v13.0.0.0))",
  "openapi": "3.0.0",
  "info": {
    "title": "My Title",
    "version": "1.0.0"
  },
  "paths": {
    "/API/Actors": {
      "get": {
        "tags": [
          "Actors"
        ],
        "operationId": "Actors_GetAll",
        "responses": {
          "200": {
            "description": "",
            "content": {
              "application/json": {
                "schema": {
                  "type": "array",
                  "items": {
                    "$ref": "#/components/schemas/Actor"
                  }
                }
              }
            }
          }
        }
      },
      "post": {
        "tags": [
          "Actors"
        ],
        "operationId": "Actors_Create",
        "requestBody": {
          "x-name": "actors",
          "content": {
            "application/json": {
              "schema": {
                "$ref": "#/components/schemas/Actor"
              }
            }
          },
          "required": true,
          "x-position": 1
        },
        "responses": {
          "200": {
            "description": ""
          }
        }
      }
    },
    "/API/Actors/{id}": {
      "delete": {
        "tags": [
          "Actors"
        ],
        "operationId": "Actors_Delete",
        "parameters": [
          {
            "name": "id",
            "in": "path",
            "required": true,
            "schema": {
              "type": "integer",
              "format": "int32"
            },
            "x-position": 1
          }
        ],
        "responses": {
          "200": {
            "description": ""
          }
        }
      },
      "get": {
        "tags": [
          "Actors"
        ],
        "operationId": "Actors_Get",
        "parameters": [
          {
            "name": "id",
            "in": "path",
            "required": true,
            "schema": {
              "type": "integer",
              "format": "int32"
            },
            "x-position": 1
          }
        ],
        "responses": {
          "200": {
            "description": "",
            "content": {
              "application/json": {
                "schema": {
                  "$ref": "#/components/schemas/Actor"
                }
              }
            }
          }
        }
      }
    },
    "/API/Actors/Byfullname": {
      "get": {
        "tags": [
          "Actors"
        ],
        "operationId": "Actors_GetByfullname",
        "responses": {
          "200": {
            "description": "",
            "content": {
              "application/json": {
                "schema": {
                  "type": "array",
                  "items": {
                    "$ref": "#/components/schemas/Actor"
                  }
                }
              }
            }
          }
        }
      }
    },
    "/API/Actors/ByDate/{date}": {
      "get": {
        "tags": [
          "Actors"
        ],
        "operationId": "Actors_GetAll2",
        "parameters": [
          {
            "name": "date",
            "in": "path",
            "required": true,
            "schema": {
              "type": "string",
              "format": "date-time"
            },
            "x-position": 1
          }
        ],
        "responses": {
          "200": {
            "description": "",
            "content": {
              "application/json": {
                "schema": {
                  "type": "array",
                  "items": {
                    "$ref": "#/components/schemas/Actor"
                  }
                }
              }
            }
          }
        }
      }
    },
    "/API/Directors": {
      "get": {
        "tags": [
          "Directors"
        ],
        "operationId": "Directors_GetAll",
        "responses": {
          "200": {
            "description": "",
            "content": {
              "application/json": {
                "schema": {
                  "type": "array",
                  "items": {
                    "$ref": "#/components/schemas/Director"
                  }
                }
              }
            }
          }
        }
      },
      "post": {
        "tags": [
          "Directors"
        ],
        "operationId": "Directors_Create",
        "requestBody": {
          "x-name": "director",
          "content": {
            "application/json": {
              "schema": {
                "$ref": "#/components/schemas/Director"
              }
            }
          },
          "required": true,
          "x-position": 1
        },
        "responses": {
          "200": {
            "description": ""
          }
        }
      }
    },
    "/API/Directors/{id}": {
      "delete": {
        "tags": [
          "Directors"
        ],
        "operationId": "Directors_Delete",
        "parameters": [
          {
            "name": "id",
            "in": "path",
            "required": true,
            "schema": {
              "type": "integer",
              "format": "int32"
            },
            "x-position": 1
          }
        ],
        "responses": {
          "200": {
            "description": ""
          }
        }
      },
      "get": {
        "tags": [
          "Directors"
        ],
        "operationId": "Directors_Get",
        "parameters": [
          {
            "name": "id",
            "in": "path",
            "required": true,
            "schema": {
              "type": "integer",
              "format": "int32"
            },
            "x-position": 1
          }
        ],
        "responses": {
          "200": {
            "description": "",
            "content": {
              "application/json": {
                "schema": {
                  "$ref": "#/components/schemas/Director"
                }
              }
            }
          }
        }
      }
    },
    "/API/Directors/Byfullname": {
      "get": {
        "tags": [
          "Directors"
        ],
        "operationId": "Directors_GetByfullname",
        "responses": {
          "200": {
            "description": "",
            "content": {
              "application/json": {
                "schema": {
                  "type": "array",
                  "items": {
                    "$ref": "#/components/schemas/Director"
                  }
                }
              }
            }
          }
        }
      }
    },
    "/API/Directors/ByDate/{date}": {
      "get": {
        "tags": [
          "Directors"
        ],
        "operationId": "Directors_GetAll2",
        "parameters": [
          {
            "name": "date",
            "in": "path",
            "required": true,
            "schema": {
              "type": "string",
              "format": "date-time"
            },
            "x-position": 1
          }
        ],
        "responses": {
          "200": {
            "description": "",
            "content": {
              "application/json": {
                "schema": {
                  "type": "array",
                  "items": {
                    "$ref": "#/components/schemas/Director"
                  }
                }
              }
            }
          }
        }
      }
    },
    "/API/Movies": {
      "get": {
        "tags": [
          "Movies"
        ],
        "operationId": "Movies_GetAll",
        "responses": {
          "200": {
            "description": "",
            "content": {
              "application/json": {
                "schema": {
                  "type": "array",
                  "items": {
                    "$ref": "#/components/schemas/Movie"
                  }
                }
              }
            }
          }
        }
      },
      "post": {
        "tags": [
          "Movies"
        ],
        "operationId": "Movies_Create",
        "requestBody": {
          "x-name": "movie",
          "content": {
            "application/json": {
              "schema": {
                "$ref": "#/components/schemas/Movie"
              }
            }
          },
          "required": true,
          "x-position": 1
        },
        "responses": {
          "200": {
            "description": ""
          }
        }
      }
    },
    "/API/Movies/{id}": {
      "delete": {
        "tags": [
          "Movies"
        ],
        "operationId": "Movies_Delete",
        "parameters": [
          {
            "name": "id",
            "in": "path",
            "required": true,
            "schema": {
              "type": "integer",
              "format": "int32"
            },
            "x-position": 1
          }
        ],
        "responses": {
          "200": {
            "description": ""
          }
        }
      },
      "get": {
        "tags": [
          "Movies"
        ],
        "operationId": "Movies_Get",
        "parameters": [
          {
            "name": "id",
            "in": "path",
            "required": true,
            "schema": {
              "type": "integer",
              "format": "int32"
            },
            "x-position": 1
          }
        ],
        "responses": {
          "200": {
            "description": "",
            "content": {
              "application/json": {
                "schema": {
                  "$ref": "#/components/schemas/Movie"
                }
              }
            }
          }
        }
      }
    },
    "/API/Movies/ByTitle": {
      "get": {
        "tags": [
          "Movies"
        ],
        "operationId": "Movies_GetByTitle",
        "responses": {
          "200": {
            "description": "",
            "content": {
              "application/json": {
                "schema": {
                  "type": "array",
                  "items": {
                    "$ref": "#/components/schemas/Movie"
                  }
                }
              }
            }
          }
        }
      }
    },
    "/API/Movies/ByDate/{date}": {
      "get": {
        "tags": [
          "Movies"
        ],
        "operationId": "Movies_GetAll2",
        "parameters": [
          {
            "name": "date",
            "in": "path",
            "required": true,
            "schema": {
              "type": "string",
              "format": "date-time"
            },
            "x-position": 1
          }
        ],
        "responses": {
          "200": {
            "description": "",
            "content": {
              "application/json": {
                "schema": {
                  "type": "array",
                  "items": {
                    "$ref": "#/components/schemas/Movie"
                  }
                }
              }
            }
          }
        }
      }
    },
    "/API/Movies/ByRating/{rating}": {
      "get": {
        "tags": [
          "Movies"
        ],
        "operationId": "Movies_GetByRating",
        "parameters": [
          {
            "name": "rating",
            "in": "path",
            "required": true,
            "schema": {
              "type": "number",
              "format": "double"
            },
            "x-position": 1
          }
        ],
        "responses": {
          "200": {
            "description": "",
            "content": {
              "application/json": {
                "schema": {
                  "type": "array",
                  "items": {
                    "$ref": "#/components/schemas/Movie"
                  }
                }
              }
            }
          }
        }
      }
    },
    "/API/Movies/ByCountry/{country}": {
      "get": {
        "tags": [
          "Movies"
        ],
        "operationId": "Movies_GetByCountry",
        "parameters": [
          {
            "name": "country",
            "in": "path",
            "required": true,
            "schema": {
              "type": "string"
            },
            "x-position": 1
          }
        ],
        "responses": {
          "200": {
            "description": "",
            "content": {
              "application/json": {
                "schema": {
                  "type": "array",
                  "items": {
                    "$ref": "#/components/schemas/Movie"
                  }
                }
              }
            }
          }
        }
      }
    }
  },
  "components": {
    "schemas": {
      "Actor": {
        "type": "object",
        "additionalProperties": false,
        "properties": {
          "actorid": {
            "type": "integer",
            "format": "int32"
          },
          "movieid": {
            "type": "integer",
            "format": "int32"
          },
          "fullname": {
            "type": "string"
          },
          "dateOfBirth": {
            "type": "string",
            "format": "date-time"
          },
          "country": {
            "type": "string"
          },
          "namberOfFilms": {
            "type": "integer",
            "format": "int32"
          }
        }
      },
      "Director": {
        "type": "object",
        "additionalProperties": false,
        "properties": {
          "directorid": {
            "type": "integer",
            "format": "int32"
          },
          "fullname": {
            "type": "string"
          },
          "namberOfFilms": {
            "type": "integer",
            "format": "int32"
          },
          "dateOfBirth": {
            "type": "string",
            "format": "date-time"
          },
          "country": {
            "type": "string"
          }
        }
      },
      "Movie": {
        "type": "object",
        "additionalProperties": false,
        "properties": {
          "movieid": {
            "type": "integer",
            "format": "int32"
          },
          "directorid": {
            "type": "integer",
            "format": "int32"
          },
          "title": {
            "type": "string"
          },
          "release": {
            "type": "string",
            "format": "date-time"
          },
          "rating": {
            "type": "number",
            "format": "double"
          },
          "country": {
            "type": "string"
          }
        }
      }
    }
  }
}